CREATE DATABASE  IF NOT EXISTS `chat` /*!40100 DEFAULT CHARACTER SET utf8 */;
USE `chat`;
-- MySQL dump 10.13  Distrib 5.6.17, for Win32 (x86)
--
-- Host: localhost    Database: chat
-- ------------------------------------------------------
-- Server version	5.6.22-log

/*!40101 SET @OLD_CHARACTER_SET_CLIENT=@@CHARACTER_SET_CLIENT */;
/*!40101 SET @OLD_CHARACTER_SET_RESULTS=@@CHARACTER_SET_RESULTS */;
/*!40101 SET @OLD_COLLATION_CONNECTION=@@COLLATION_CONNECTION */;
/*!40101 SET NAMES utf8 */;
/*!40103 SET @OLD_TIME_ZONE=@@TIME_ZONE */;
/*!40103 SET TIME_ZONE='+00:00' */;
/*!40014 SET @OLD_UNIQUE_CHECKS=@@UNIQUE_CHECKS, UNIQUE_CHECKS=0 */;
/*!40014 SET @OLD_FOREIGN_KEY_CHECKS=@@FOREIGN_KEY_CHECKS, FOREIGN_KEY_CHECKS=0 */;
/*!40101 SET @OLD_SQL_MODE=@@SQL_MODE, SQL_MODE='NO_AUTO_VALUE_ON_ZERO' */;
/*!40111 SET @OLD_SQL_NOTES=@@SQL_NOTES, SQL_NOTES=0 */;

--
-- Table structure for table `accounts`
--

DROP TABLE IF EXISTS `accounts`;
/*!40101 SET @saved_cs_client     = @@character_set_client */;
/*!40101 SET character_set_client = utf8 */;
CREATE TABLE `accounts` (
  `id` int(11) NOT NULL AUTO_INCREMENT,
  `user` varchar(45) DEFAULT NULL,
  `password` varchar(45) DEFAULT NULL,
  `email` varchar(45) DEFAULT NULL,
  PRIMARY KEY (`id`)
) ENGINE=InnoDB AUTO_INCREMENT=18 DEFAULT CHARSET=utf8;
/*!40101 SET character_set_client = @saved_cs_client */;

--
-- Dumping data for table `accounts`
--

LOCK TABLES `accounts` WRITE;
/*!40000 ALTER TABLE `accounts` DISABLE KEYS */;
INSERT INTO `accounts` VALUES (10,'david','123','david@walla.co.il'),(11,'efi','123','efi@walla.com'),(12,'kfir','123','kfirfer@hotmail.com'),(13,'kfirfer','123','kfirfer@walla.com'),(14,'kfirfer2','123123','kfirfer@hotmail.com'),(15,'amitbec','123123','amitbec2@gmail.com'),(16,'123456789','123456789','xx@xx.xx'),(17,'kfir2','123','kfir@hotmail.com');
/*!40000 ALTER TABLE `accounts` ENABLE KEYS */;
UNLOCK TABLES;

--
-- Table structure for table `blocked`
--

DROP TABLE IF EXISTS `blocked`;
/*!40101 SET @saved_cs_client     = @@character_set_client */;
/*!40101 SET character_set_client = utf8 */;
CREATE TABLE `blocked` (
  `id` int(11) NOT NULL,
  `user` varchar(45) DEFAULT NULL,
  KEY `fk_blocked_accounts1_idx` (`id`),
  CONSTRAINT `fk_blocked_accounts1` FOREIGN KEY (`id`) REFERENCES `accounts` (`id`) ON DELETE NO ACTION ON UPDATE NO ACTION
) ENGINE=InnoDB DEFAULT CHARSET=utf8;
/*!40101 SET character_set_client = @saved_cs_client */;

--
-- Dumping data for table `blocked`
--

LOCK TABLES `blocked` WRITE;
/*!40000 ALTER TABLE `blocked` DISABLE KEYS */;
/*!40000 ALTER TABLE `blocked` ENABLE KEYS */;
UNLOCK TABLES;

--
-- Table structure for table `friends`
--

DROP TABLE IF EXISTS `friends`;
/*!40101 SET @saved_cs_client     = @@character_set_client */;
/*!40101 SET character_set_client = utf8 */;
CREATE TABLE `friends` (
  `id` int(11) NOT NULL,
  `friend` varchar(45) DEFAULT NULL,
  KEY `fk_friends_accounts_idx` (`id`),
  CONSTRAINT `fk_friends_accounts` FOREIGN KEY (`id`) REFERENCES `accounts` (`id`) ON DELETE NO ACTION ON UPDATE NO ACTION
) ENGINE=InnoDB DEFAULT CHARSET=utf8;
/*!40101 SET character_set_client = @saved_cs_client */;

--
-- Dumping data for table `friends`
--

LOCK TABLES `friends` WRITE;
/*!40000 ALTER TABLE `friends` DISABLE KEYS */;
INSERT INTO `friends` VALUES (10,'kfir'),(11,'kfir'),(15,'kfir'),(16,'kfir'),(12,'123456789'),(17,'kfirfer'),(12,'kfirfer'),(13,'kfir');
/*!40000 ALTER TABLE `friends` ENABLE KEYS */;
UNLOCK TABLES;

--
-- Table structure for table `requests`
--

DROP TABLE IF EXISTS `requests`;
/*!40101 SET @saved_cs_client     = @@character_set_client */;
/*!40101 SET character_set_client = utf8 */;
CREATE TABLE `requests` (
  `id` int(11) NOT NULL,
  `user` varchar(45) DEFAULT NULL,
  KEY `fk_requests_accounts1_idx` (`id`),
  CONSTRAINT `fk_requests_accounts1` FOREIGN KEY (`id`) REFERENCES `accounts` (`id`) ON DELETE NO ACTION ON UPDATE NO ACTION
) ENGINE=InnoDB DEFAULT CHARSET=utf8;
/*!40101 SET character_set_client = @saved_cs_client */;

--
-- Dumping data for table `requests`
--

LOCK TABLES `requests` WRITE;
/*!40000 ALTER TABLE `requests` DISABLE KEYS */;
INSERT INTO `requests` VALUES (10,'kfirfer'),(11,'kfirfer');
/*!40000 ALTER TABLE `requests` ENABLE KEYS */;
UNLOCK TABLES;
/*!40103 SET TIME_ZONE=@OLD_TIME_ZONE */;

/*!40101 SET SQL_MODE=@OLD_SQL_MODE */;
/*!40014 SET FOREIGN_KEY_CHECKS=@OLD_FOREIGN_KEY_CHECKS */;
/*!40014 SET UNIQUE_CHECKS=@OLD_UNIQUE_CHECKS */;
/*!40101 SET CHARACTER_SET_CLIENT=@OLD_CHARACTER_SET_CLIENT */;
/*!40101 SET CHARACTER_SET_RESULTS=@OLD_CHARACTER_SET_RESULTS */;
/*!40101 SET COLLATION_CONNECTION=@OLD_COLLATION_CONNECTION */;
/*!40111 SET SQL_NOTES=@OLD_SQL_NOTES */;

-- Dump completed on 2015-03-17 16:35:21
